timestamp,label,filename,sample_rate,num_samples,duration_s,rms
2026-03-22T14:25:44.925112,ambient_under_hood,ambient_under_hood\ambient_under_hood_20260322_142544_0000.wav,16000,24000,1.500,1650.3
2026-03-22T14:25:46.751478,ambient_under_hood,ambient_under_hood\ambient_under_hood_20260322_142546_0001.wav,16000,24000,1.500,448.9
2026-03-22T14:25:48.572784,ambient_under_hood,ambient_under_hood\ambient_under_hood_20260322_142548_0002.wav,16000,24000,1.500,438.9
2026-03-22T14:31:06.967166,ambient_under_hood,ambient_under_hood\ambient_under_hood_20260322_143106_0000.wav,16000,24000,1.500,1648.3
2026-03-22T14:31:08.785051,ambient_under_hood,ambient_under_hood\ambient_under_hood_20260322_143108_0001.wav,16000,24000,1.500,425.2
2026-03-22T14:31:10.600278,ambient_under_hood,ambient_under_hood\ambient_under_hood_20260322_143110_0002.wav,16000,24000,1.500,430.4
2026-03-22T14:31:12.419791,ambient_under_hood,ambient_under_hood\ambient_under_hood_20260322_143112_0003.wav,16000,24000,1.500,426.8
2026-03-22T14:31:14.244597,ambient_under_hood,ambient_under_hood\ambient_under_hood_20260322_143114_0004.wav,16000,24000,1.500,425.3
2026-03-22T14:31:16.065863,ambient_under_hood,ambient_under_hood\ambient_under_hood_20260322_143116_0005.wav,16000,24000,1.500,428.4
2026-03-22T14:31:17.884707,ambient_under_hood,ambient_under_hood\ambient_under_hood_20260322_143117_0006.wav,16000,24000,1.500,425.1
2026-03-22T14:31:19.704270,ambient_under_hood,ambient_under_hood\ambient_under_hood_20260322_143119_0007.wav,16000,24000,1.500,424.1
2026-03-22T14:31:21.521396,ambient_under_hood,ambient_under_hood\ambient_under_hood_20260322_143121_0008.wav,16000,24000,1.500,425.6
2026-03-22T14:31:23.335649,ambient_under_hood,ambient_under_hood\ambient_under_hood_20260322_143123_0009.wav,16000,24000,1.500,426.7
2026-03-22T14:31:25.159254,ambient_under_hood,ambient_under_hood\ambient_under_hood_20260322_143125_0010.wav,16000,24000,1.500,428.0
2026-03-22T14:31:26.982919,ambient_under_hood,ambient_under_hood\ambient_under_hood_20260322_143126_0011.wav,16000,24000,1.500,424.3
2026-03-22T14:31:28.804254,ambient_under_hood,ambient_under_hood\ambient_under_hood_20260322_143128_0012.wav,16000,24000,1.500,423.9
2026-03-22T14:31:30.618506,ambient_under_hood,ambient_under_hood\ambient_under_hood_20260322_143130_0013.wav,16000,24000,1.500,417.8
2026-03-22T14:31:32.439488,ambient_under_hood,ambient_under_hood\ambient_under_hood_20260322_143132_0014.wav,16000,24000,1.500,422.2
2026-03-22T14:31:34.254036,ambient_under_hood,ambient_under_hood\ambient_under_hood_20260322_143134_0015.wav,16000,24000,1.500,430.8
2026-03-22T14:31:36.071531,ambient_under_hood,ambient_under_hood\ambient_under_hood_20260322_143136_0016.wav,16000,24000,1.500,453.3
2026-03-22T14:31:37.893782,ambient_under_hood,ambient_under_hood\ambient_under_hood_20260322_143137_0017.wav,16000,24000,1.500,406.6
2026-03-22T14:31:39.712058,ambient_under_hood,ambient_under_hood\ambient_under_hood_20260322_143139_0018.wav,16000,24000,1.500,425.7
2026-03-22T14:31:41.531691,ambient_under_hood,ambient_under_hood\ambient_under_hood_20260322_143141_0019.wav,16000,24000,1.500,421.8
2026-03-22T14:32:42.796460,cold_engine_just_started_under_hood,cold_engine_just_started_under_hood\cold_engine_just_started_under_hood_20260322_143242_0020.wav,16000,24000,1.500,1862.8
2026-03-22T14:32:44.612175,cold_engine_just_started_under_hood,cold_engine_just_started_under_hood\cold_engine_just_started_under_hood_20260322_143244_0021.wav,16000,24000,1.500,1500.2
2026-03-22T14:32:46.426673,cold_engine_just_started_under_hood,cold_engine_just_started_under_hood\cold_engine_just_started_under_hood_20260322_143246_0022.wav,16000,24000,1.500,1341.6
2026-03-22T14:32:48.243988,cold_engine_just_started_under_hood,cold_engine_just_started_under_hood\cold_engine_just_started_under_hood_20260322_143248_0023.wav,16000,24000,1.500,1279.3
2026-03-22T14:32:50.062704,cold_engine_just_started_under_hood,cold_engine_just_started_under_hood\cold_engine_just_started_under_hood_20260322_143250_0024.wav,16000,24000,1.500,1201.0
2026-03-22T14:32:51.878659,cold_engine_just_started_under_hood,cold_engine_just_started_under_hood\cold_engine_just_started_under_hood_20260322_143251_0025.wav,16000,24000,1.500,1269.3
2026-03-22T14:32:53.696823,cold_engine_just_started_under_hood,cold_engine_just_started_under_hood\cold_engine_just_started_under_hood_20260322_143253_0026.wav,16000,24000,1.500,1088.5
2026-03-22T14:32:55.517250,cold_engine_just_started_under_hood,cold_engine_just_started_under_hood\cold_engine_just_started_under_hood_20260322_143255_0027.wav,16000,24000,1.500,1048.8
2026-03-22T14:32:57.336996,cold_engine_just_started_under_hood,cold_engine_just_started_under_hood\cold_engine_just_started_under_hood_20260322_143257_0028.wav,16000,24000,1.500,932.2
2026-03-22T14:32:59.149760,cold_engine_just_started_under_hood,cold_engine_just_started_under_hood\cold_engine_just_started_under_hood_20260322_143259_0029.wav,16000,24000,1.500,936.6
2026-03-22T14:33:00.961964,cold_engine_just_started_under_hood,cold_engine_just_started_under_hood\cold_engine_just_started_under_hood_20260322_143300_0030.wav,16000,24000,1.500,858.4
2026-03-22T14:33:02.777590,cold_engine_just_started_under_hood,cold_engine_just_started_under_hood\cold_engine_just_started_under_hood_20260322_143302_0031.wav,16000,24000,1.500,957.7
2026-03-22T14:33:04.589983,cold_engine_just_started_under_hood,cold_engine_just_started_under_hood\cold_engine_just_started_under_hood_20260322_143304_0032.wav,16000,24000,1.500,712.9
2026-03-22T14:33:06.410570,cold_engine_just_started_under_hood,cold_engine_just_started_under_hood\cold_engine_just_started_under_hood_20260322_143306_0033.wav,16000,24000,1.500,708.2
2026-03-22T14:33:08.227273,cold_engine_just_started_under_hood,cold_engine_just_started_under_hood\cold_engine_just_started_under_hood_20260322_143308_0034.wav,16000,24000,1.500,672.4
2026-03-22T14:33:10.037677,cold_engine_just_started_under_hood,cold_engine_just_started_under_hood\cold_engine_just_started_under_hood_20260322_143310_0035.wav,16000,24000,1.500,805.7
2026-03-22T14:33:11.858573,cold_engine_just_started_under_hood,cold_engine_just_started_under_hood\cold_engine_just_started_under_hood_20260322_143311_0036.wav,16000,24000,1.500,799.2
2026-03-22T14:33:13.676266,cold_engine_just_started_under_hood,cold_engine_just_started_under_hood\cold_engine_just_started_under_hood_20260322_143313_0037.wav,16000,24000,1.500,763.0
2026-03-22T14:33:15.487966,cold_engine_just_started_under_hood,cold_engine_just_started_under_hood\cold_engine_just_started_under_hood_20260322_143315_0038.wav,16000,24000,1.500,842.6
2026-03-22T14:33:17.304828,cold_engine_just_started_under_hood,cold_engine_just_started_under_hood\cold_engine_just_started_under_hood_20260322_143317_0039.wav,16000,24000,1.500,768.0
2026-03-22T14:37:23.211845,warm_engine_idle_under_hood,warm_engine_idle_under_hood\warm_engine_idle_under_hood_20260322_143723_0040.wav,16000,24000,1.500,530.6
2026-03-22T14:37:25.021825,warm_engine_idle_under_hood,warm_engine_idle_under_hood\warm_engine_idle_under_hood_20260322_143725_0041.wav,16000,24000,1.500,511.8
2026-03-22T14:37:26.840223,warm_engine_idle_under_hood,warm_engine_idle_under_hood\warm_engine_idle_under_hood_20260322_143726_0042.wav,16000,24000,1.500,652.3
2026-03-22T14:37:28.660488,warm_engine_idle_under_hood,warm_engine_idle_under_hood\warm_engine_idle_under_hood_20260322_143728_0043.wav,16000,24000,1.500,530.0
2026-03-22T14:37:30.474738,warm_engine_idle_under_hood,warm_engine_idle_under_hood\warm_engine_idle_under_hood_20260322_143730_0044.wav,16000,24000,1.500,518.0
2026-03-22T14:37:32.299308,warm_engine_idle_under_hood,warm_engine_idle_under_hood\warm_engine_idle_under_hood_20260322_143732_0045.wav,16000,24000,1.500,624.7
2026-03-22T14:37:34.117440,warm_engine_idle_under_hood,warm_engine_idle_under_hood\warm_engine_idle_under_hood_20260322_143734_0046.wav,16000,24000,1.500,592.4
2026-03-22T14:37:35.934917,warm_engine_idle_under_hood,warm_engine_idle_under_hood\warm_engine_idle_under_hood_20260322_143735_0047.wav,16000,24000,1.500,617.6
2026-03-22T14:37:37.752642,warm_engine_idle_under_hood,warm_engine_idle_under_hood\warm_engine_idle_under_hood_20260322_143737_0048.wav,16000,24000,1.500,635.3
2026-03-22T14:37:39.569707,warm_engine_idle_under_hood,warm_engine_idle_under_hood\warm_engine_idle_under_hood_20260322_143739_0049.wav,16000,24000,1.500,660.7
2026-03-22T14:37:41.386141,warm_engine_idle_under_hood,warm_engine_idle_under_hood\warm_engine_idle_under_hood_20260322_143741_0050.wav,16000,24000,1.500,563.0
2026-03-22T14:37:43.206831,warm_engine_idle_under_hood,warm_engine_idle_under_hood\warm_engine_idle_under_hood_20260322_143743_0051.wav,16000,24000,1.500,561.9
2026-03-22T14:37:45.018856,warm_engine_idle_under_hood,warm_engine_idle_under_hood\warm_engine_idle_under_hood_20260322_143745_0052.wav,16000,24000,1.500,627.1
2026-03-22T14:37:46.841225,warm_engine_idle_under_hood,warm_engine_idle_under_hood\warm_engine_idle_under_hood_20260322_143746_0053.wav,16000,24000,1.500,650.2
2026-03-22T14:37:48.661807,warm_engine_idle_under_hood,warm_engine_idle_under_hood\warm_engine_idle_under_hood_20260322_143748_0054.wav,16000,24000,1.500,703.1
2026-03-22T14:37:50.475630,warm_engine_idle_under_hood,warm_engine_idle_under_hood\warm_engine_idle_under_hood_20260322_143750_0055.wav,16000,24000,1.500,601.5
2026-03-22T14:37:52.297948,warm_engine_idle_under_hood,warm_engine_idle_under_hood\warm_engine_idle_under_hood_20260322_143752_0056.wav,16000,24000,1.500,588.6
2026-03-22T14:37:54.121364,warm_engine_idle_under_hood,warm_engine_idle_under_hood\warm_engine_idle_under_hood_20260322_143754_0057.wav,16000,24000,1.500,639.6
2026-03-22T14:37:55.931557,warm_engine_idle_under_hood,warm_engine_idle_under_hood\warm_engine_idle_under_hood_20260322_143755_0058.wav,16000,24000,1.500,653.1
2026-03-22T14:37:57.751292,warm_engine_idle_under_hood,warm_engine_idle_under_hood\warm_engine_idle_under_hood_20260322_143757_0059.wav,16000,24000,1.500,484.4
2026-03-22T14:38:48.537626,varying_rpm_1500-2500_under_hood,varying_rpm_1500-2500_under_hood\varying_rpm_1500-2500_under_hood_20260322_143848_0060.wav,16000,24000,1.500,1510.6
2026-03-22T14:38:50.351819,varying_rpm_1500-2500_under_hood,varying_rpm_1500-2500_under_hood\varying_rpm_1500-2500_under_hood_20260322_143850_0061.wav,16000,24000,1.500,1240.6
2026-03-22T14:38:52.176192,varying_rpm_1500-2500_under_hood,varying_rpm_1500-2500_under_hood\varying_rpm_1500-2500_under_hood_20260322_143852_0062.wav,16000,24000,1.500,1166.6
2026-03-22T14:38:53.992963,varying_rpm_1500-2500_under_hood,varying_rpm_1500-2500_under_hood\varying_rpm_1500-2500_under_hood_20260322_143853_0063.wav,16000,24000,1.500,1000.6
2026-03-22T14:38:55.811519,varying_rpm_1500-2500_under_hood,varying_rpm_1500-2500_under_hood\varying_rpm_1500-2500_under_hood_20260322_143855_0064.wav,16000,24000,1.500,1061.6
2026-03-22T14:38:57.625507,varying_rpm_1500-2500_under_hood,varying_rpm_1500-2500_under_hood\varying_rpm_1500-2500_under_hood_20260322_143857_0065.wav,16000,24000,1.500,1588.3
2026-03-22T14:38:59.440372,varying_rpm_1500-2500_under_hood,varying_rpm_1500-2500_under_hood\varying_rpm_1500-2500_under_hood_20260322_143859_0066.wav,16000,24000,1.500,1171.4
2026-03-22T14:39:01.256005,varying_rpm_1500-2500_under_hood,varying_rpm_1500-2500_under_hood\varying_rpm_1500-2500_under_hood_20260322_143901_0067.wav,16000,24000,1.500,1369.2
2026-03-22T14:39:03.069030,varying_rpm_1500-2500_under_hood,varying_rpm_1500-2500_under_hood\varying_rpm_1500-2500_under_hood_20260322_143903_0068.wav,16000,24000,1.500,1321.2
2026-03-22T14:39:04.885876,varying_rpm_1500-2500_under_hood,varying_rpm_1500-2500_under_hood\varying_rpm_1500-2500_under_hood_20260322_143904_0069.wav,16000,24000,1.500,1232.1
2026-03-22T14:39:06.710152,varying_rpm_1500-2500_under_hood,varying_rpm_1500-2500_under_hood\varying_rpm_1500-2500_under_hood_20260322_143906_0070.wav,16000,24000,1.500,1216.2
2026-03-22T14:39:08.523250,varying_rpm_1500-2500_under_hood,varying_rpm_1500-2500_under_hood\varying_rpm_1500-2500_under_hood_20260322_143908_0071.wav,16000,24000,1.500,1136.5
2026-03-22T14:39:10.343362,varying_rpm_1500-2500_under_hood,varying_rpm_1500-2500_under_hood\varying_rpm_1500-2500_under_hood_20260322_143910_0072.wav,16000,24000,1.500,1076.0
2026-03-22T14:39:12.151490,varying_rpm_1500-2500_under_hood,varying_rpm_1500-2500_under_hood\varying_rpm_1500-2500_under_hood_20260322_143912_0073.wav,16000,24000,1.500,1168.1
2026-03-22T14:39:13.973631,varying_rpm_1500-2500_under_hood,varying_rpm_1500-2500_under_hood\varying_rpm_1500-2500_under_hood_20260322_143913_0074.wav,16000,24000,1.500,1508.3
2026-03-22T14:39:15.791619,varying_rpm_1500-2500_under_hood,varying_rpm_1500-2500_under_hood\varying_rpm_1500-2500_under_hood_20260322_143915_0075.wav,16000,24000,1.500,1061.6
2026-03-22T14:39:17.614744,varying_rpm_1500-2500_under_hood,varying_rpm_1500-2500_under_hood\varying_rpm_1500-2500_under_hood_20260322_143917_0076.wav,16000,24000,1.500,1200.0
2026-03-22T14:39:19.428613,varying_rpm_1500-2500_under_hood,varying_rpm_1500-2500_under_hood\varying_rpm_1500-2500_under_hood_20260322_143919_0077.wav,16000,24000,1.500,1550.7
2026-03-22T14:39:21.244170,varying_rpm_1500-2500_under_hood,varying_rpm_1500-2500_under_hood\varying_rpm_1500-2500_under_hood_20260322_143921_0078.wav,16000,24000,1.500,996.0
2026-03-22T14:39:23.065889,varying_rpm_1500-2500_under_hood,varying_rpm_1500-2500_under_hood\varying_rpm_1500-2500_under_hood_20260322_143923_0079.wav,16000,24000,1.500,969.9
2026-03-22T14:41:01.138168,low_speed_residential_under_hood,low_speed_residential_under_hood\low_speed_residential_under_hood_20260322_144101_0080.wav,16000,24000,1.500,1156.7
2026-03-22T14:41:02.949321,low_speed_residential_under_hood,low_speed_residential_under_hood\low_speed_residential_under_hood_20260322_144102_0081.wav,16000,24000,1.500,1306.1
2026-03-22T14:41:04.769047,low_speed_residential_under_hood,low_speed_residential_under_hood\low_speed_residential_under_hood_20260322_144104_0082.wav,16000,24000,1.500,1095.0
2026-03-22T14:41:06.578751,low_speed_residential_under_hood,low_speed_residential_under_hood\low_speed_residential_under_hood_20260322_144106_0083.wav,16000,24000,1.500,1452.7
2026-03-22T14:41:08.394524,low_speed_residential_under_hood,low_speed_residential_under_hood\low_speed_residential_under_hood_20260322_144108_0084.wav,16000,24000,1.500,1441.3
2026-03-22T14:41:10.208954,low_speed_residential_under_hood,low_speed_residential_under_hood\low_speed_residential_under_hood_20260322_144110_0085.wav,16000,24000,1.500,1395.6
2026-03-22T14:41:12.023191,low_speed_residential_under_hood,low_speed_residential_under_hood\low_speed_residential_under_hood_20260322_144112_0086.wav,16000,24000,1.500,1164.7
2026-03-22T14:41:13.839193,low_speed_residential_under_hood,low_speed_residential_under_hood\low_speed_residential_under_hood_20260322_144113_0087.wav,16000,24000,1.500,981.4
2026-03-22T14:41:15.654652,low_speed_residential_under_hood,low_speed_residential_under_hood\low_speed_residential_under_hood_20260322_144115_0088.wav,16000,24000,1.500,934.5
2026-03-22T14:41:17.473280,low_speed_residential_under_hood,low_speed_residential_under_hood\low_speed_residential_under_hood_20260322_144117_0089.wav,16000,24000,1.500,1033.0
2026-03-22T14:41:19.294404,low_speed_residential_under_hood,low_speed_residential_under_hood\low_speed_residential_under_hood_20260322_144119_0090.wav,16000,24000,1.500,1131.7
2026-03-22T14:41:21.107959,low_speed_residential_under_hood,low_speed_residential_under_hood\low_speed_residential_under_hood_20260322_144121_0091.wav,16000,24000,1.500,1082.3
2026-03-22T14:41:22.923330,low_speed_residential_under_hood,low_speed_residential_under_hood\low_speed_residential_under_hood_20260322_144122_0092.wav,16000,24000,1.500,1034.6
2026-03-22T14:41:24.738737,low_speed_residential_under_hood,low_speed_residential_under_hood\low_speed_residential_under_hood_20260322_144124_0093.wav,16000,24000,1.500,1081.9
2026-03-22T14:41:26.553242,low_speed_residential_under_hood,low_speed_residential_under_hood\low_speed_residential_under_hood_20260322_144126_0094.wav,16000,24000,1.500,1017.5
2026-03-22T14:41:28.372270,low_speed_residential_under_hood,low_speed_residential_under_hood\low_speed_residential_under_hood_20260322_144128_0095.wav,16000,24000,1.500,1100.8
2026-03-22T14:41:30.189413,low_speed_residential_under_hood,low_speed_residential_under_hood\low_speed_residential_under_hood_20260322_144130_0096.wav,16000,24000,1.500,1333.8
2026-03-22T14:41:32.007622,low_speed_residential_under_hood,low_speed_residential_under_hood\low_speed_residential_under_hood_20260322_144132_0097.wav,16000,24000,1.500,1116.2
2026-03-22T14:41:33.823095,low_speed_residential_under_hood,low_speed_residential_under_hood\low_speed_residential_under_hood_20260322_144133_0098.wav,16000,24000,1.500,1161.4
2026-03-22T14:41:35.632950,low_speed_residential_under_hood,low_speed_residential_under_hood\low_speed_residential_under_hood_20260322_144135_0099.wav,16000,24000,1.500,1197.1
2026-03-22T14:44:51.168647,moderate_speed_city_under_hood,moderate_speed_city_under_hood\moderate_speed_city_under_hood_20260322_144451_0100.wav,16000,24000,1.500,1796.1
2026-03-22T14:44:52.988928,moderate_speed_city_under_hood,moderate_speed_city_under_hood\moderate_speed_city_under_hood_20260322_144452_0101.wav,16000,24000,1.500,2824.2
2026-03-22T14:44:54.805562,moderate_speed_city_under_hood,moderate_speed_city_under_hood\moderate_speed_city_under_hood_20260322_144454_0102.wav,16000,24000,1.500,3144.4
2026-03-22T14:44:56.618321,moderate_speed_city_under_hood,moderate_speed_city_under_hood\moderate_speed_city_under_hood_20260322_144456_0103.wav,16000,24000,1.500,2759.2
2026-03-22T14:44:58.434596,moderate_speed_city_under_hood,moderate_speed_city_under_hood\moderate_speed_city_under_hood_20260322_144458_0104.wav,16000,24000,1.500,2537.3
2026-03-22T14:45:00.250657,moderate_speed_city_under_hood,moderate_speed_city_under_hood\moderate_speed_city_under_hood_20260322_144500_0105.wav,16000,24000,1.500,2341.4
2026-03-22T14:45:02.066222,moderate_speed_city_under_hood,moderate_speed_city_under_hood\moderate_speed_city_under_hood_20260322_144502_0106.wav,16000,24000,1.500,2439.9
2026-03-22T14:45:03.885688,moderate_speed_city_under_hood,moderate_speed_city_under_hood\moderate_speed_city_under_hood_20260322_144503_0107.wav,16000,24000,1.500,2357.3
2026-03-22T14:45:05.699620,moderate_speed_city_under_hood,moderate_speed_city_under_hood\moderate_speed_city_under_hood_20260322_144505_0108.wav,16000,24000,1.500,2313.7
2026-03-22T14:45:07.520511,moderate_speed_city_under_hood,moderate_speed_city_under_hood\moderate_speed_city_under_hood_20260322_144507_0109.wav,16000,24000,1.500,2045.8
2026-03-22T14:45:11.065662,moderate_speed_city_under_hood,moderate_speed_city_under_hood\moderate_speed_city_under_hood_20260322_144511_0110.wav,16000,24000,1.500,2054.2
2026-03-22T14:45:12.884922,moderate_speed_city_under_hood,moderate_speed_city_under_hood\moderate_speed_city_under_hood_20260322_144512_0111.wav,16000,24000,1.500,2608.3
2026-03-22T14:45:14.696227,moderate_speed_city_under_hood,moderate_speed_city_under_hood\moderate_speed_city_under_hood_20260322_144514_0112.wav,16000,24000,1.500,2270.7
2026-03-22T14:45:16.515201,moderate_speed_city_under_hood,moderate_speed_city_under_hood\moderate_speed_city_under_hood_20260322_144516_0113.wav,16000,24000,1.500,2757.0
2026-03-22T14:45:18.332163,moderate_speed_city_under_hood,moderate_speed_city_under_hood\moderate_speed_city_under_hood_20260322_144518_0114.wav,16000,24000,1.500,2308.6
2026-03-22T14:45:20.158079,moderate_speed_city_under_hood,moderate_speed_city_under_hood\moderate_speed_city_under_hood_20260322_144520_0115.wav,16000,24000,1.500,2154.5
2026-03-22T14:45:21.976079,moderate_speed_city_under_hood,moderate_speed_city_under_hood\moderate_speed_city_under_hood_20260322_144521_0116.wav,16000,24000,1.500,1881.9
2026-03-22T14:45:23.790700,moderate_speed_city_under_hood,moderate_speed_city_under_hood\moderate_speed_city_under_hood_20260322_144523_0117.wav,16000,24000,1.500,2123.2
2026-03-22T14:45:25.610068,moderate_speed_city_under_hood,moderate_speed_city_under_hood\moderate_speed_city_under_hood_20260322_144525_0118.wav,16000,24000,1.500,1798.3
2026-03-22T14:45:27.421985,moderate_speed_city_under_hood,moderate_speed_city_under_hood\moderate_speed_city_under_hood_20260322_144527_0119.wav,16000,24000,1.500,1793.3
2026-03-22T14:48:55.003967,rough_road_under_hood,rough_road_under_hood\rough_road_under_hood_20260322_144854_0120.wav,16000,24000,1.500,1644.0
2026-03-22T14:48:56.820827,rough_road_under_hood,rough_road_under_hood\rough_road_under_hood_20260322_144856_0121.wav,16000,24000,1.500,2094.6
2026-03-22T14:48:58.639150,rough_road_under_hood,rough_road_under_hood\rough_road_under_hood_20260322_144858_0122.wav,16000,24000,1.500,2033.7
2026-03-22T14:49:00.454993,rough_road_under_hood,rough_road_under_hood\rough_road_under_hood_20260322_144900_0123.wav,16000,24000,1.500,2078.3
2026-03-22T14:49:02.278581,rough_road_under_hood,rough_road_under_hood\rough_road_under_hood_20260322_144902_0124.wav,16000,24000,1.500,1695.9
2026-03-22T14:49:04.099623,rough_road_under_hood,rough_road_under_hood\rough_road_under_hood_20260322_144904_0125.wav,16000,24000,1.500,1756.8
2026-03-22T14:49:05.917078,rough_road_under_hood,rough_road_under_hood\rough_road_under_hood_20260322_144905_0126.wav,16000,24000,1.500,2327.0
2026-03-22T14:49:07.735884,rough_road_under_hood,rough_road_under_hood\rough_road_under_hood_20260322_144907_0127.wav,16000,24000,1.500,1974.2
2026-03-22T14:49:09.555466,rough_road_under_hood,rough_road_under_hood\rough_road_under_hood_20260322_144909_0128.wav,16000,24000,1.500,1568.5
2026-03-22T14:49:11.382088,rough_road_under_hood,rough_road_under_hood\rough_road_under_hood_20260322_144911_0129.wav,16000,24000,1.500,1734.2
2026-03-22T14:49:13.193608,rough_road_under_hood,rough_road_under_hood\rough_road_under_hood_20260322_144913_0130.wav,16000,24000,1.500,1779.1
2026-03-22T14:49:15.009973,rough_road_under_hood,rough_road_under_hood\rough_road_under_hood_20260322_144915_0131.wav,16000,24000,1.500,1650.6
2026-03-22T14:49:16.827151,rough_road_under_hood,rough_road_under_hood\rough_road_under_hood_20260322_144916_0132.wav,16000,24000,1.500,2095.0
2026-03-22T14:49:18.645066,rough_road_under_hood,rough_road_under_hood\rough_road_under_hood_20260322_144918_0133.wav,16000,24000,1.500,2339.8
2026-03-22T14:49:20.457718,rough_road_under_hood,rough_road_under_hood\rough_road_under_hood_20260322_144920_0134.wav,16000,24000,1.500,1743.7
2026-03-22T14:49:22.275005,rough_road_under_hood,rough_road_under_hood\rough_road_under_hood_20260322_144922_0135.wav,16000,24000,1.500,1846.0
2026-03-22T14:49:24.093002,rough_road_under_hood,rough_road_under_hood\rough_road_under_hood_20260322_144924_0136.wav,16000,24000,1.500,1664.7
2026-03-22T14:49:25.903831,rough_road_under_hood,rough_road_under_hood\rough_road_under_hood_20260322_144925_0137.wav,16000,24000,1.500,1364.3
2026-03-22T14:49:27.725613,rough_road_under_hood,rough_road_under_hood\rough_road_under_hood_20260322_144927_0138.wav,16000,24000,1.500,1825.0
2026-03-22T14:49:29.547603,rough_road_under_hood,rough_road_under_hood\rough_road_under_hood_20260322_144929_0139.wav,16000,24000,1.500,1991.2
2026-03-22T14:51:16.631471,engine_fan_on_under_hood,engine_fan_on_under_hood\engine_fan_on_under_hood_20260322_145116_0140.wav,16000,24000,1.500,1291.2
2026-03-22T14:51:18.454608,engine_fan_on_under_hood,engine_fan_on_under_hood\engine_fan_on_under_hood_20260322_145118_0141.wav,16000,24000,1.500,1395.2
2026-03-22T14:51:20.268358,engine_fan_on_under_hood,engine_fan_on_under_hood\engine_fan_on_under_hood_20260322_145120_0142.wav,16000,24000,1.500,1522.4
2026-03-22T14:51:22.083415,engine_fan_on_under_hood,engine_fan_on_under_hood\engine_fan_on_under_hood_20260322_145122_0143.wav,16000,24000,1.500,1646.9
2026-03-22T14:51:23.903571,engine_fan_on_under_hood,engine_fan_on_under_hood\engine_fan_on_under_hood_20260322_145123_0144.wav,16000,24000,1.500,1181.1
2026-03-22T14:51:25.721368,engine_fan_on_under_hood,engine_fan_on_under_hood\engine_fan_on_under_hood_20260322_145125_0145.wav,16000,24000,1.500,1140.4
2026-03-22T14:51:27.541251,engine_fan_on_under_hood,engine_fan_on_under_hood\engine_fan_on_under_hood_20260322_145127_0146.wav,16000,24000,1.500,956.2
2026-03-22T14:51:29.361499,engine_fan_on_under_hood,engine_fan_on_under_hood\engine_fan_on_under_hood_20260322_145129_0147.wav,16000,24000,1.500,953.4
2026-03-22T14:51:31.180208,engine_fan_on_under_hood,engine_fan_on_under_hood\engine_fan_on_under_hood_20260322_145131_0148.wav,16000,24000,1.500,1606.3
2026-03-22T14:51:32.991636,engine_fan_on_under_hood,engine_fan_on_under_hood\engine_fan_on_under_hood_20260322_145132_0149.wav,16000,24000,1.500,999.6
2026-03-22T14:51:34.806077,engine_fan_on_under_hood,engine_fan_on_under_hood\engine_fan_on_under_hood_20260322_145134_0150.wav,16000,24000,1.500,1152.3
2026-03-22T14:51:36.630156,engine_fan_on_under_hood,engine_fan_on_under_hood\engine_fan_on_under_hood_20260322_145136_0151.wav,16000,24000,1.500,1009.6
2026-03-22T14:51:38.451164,engine_fan_on_under_hood,engine_fan_on_under_hood\engine_fan_on_under_hood_20260322_145138_0152.wav,16000,24000,1.500,1217.8
2026-03-22T14:51:40.268260,engine_fan_on_under_hood,engine_fan_on_under_hood\engine_fan_on_under_hood_20260322_145140_0153.wav,16000,24000,1.500,1329.2
2026-03-22T14:51:42.086760,engine_fan_on_under_hood,engine_fan_on_under_hood\engine_fan_on_under_hood_20260322_145142_0154.wav,16000,24000,1.500,1373.7
2026-03-22T14:51:43.906761,engine_fan_on_under_hood,engine_fan_on_under_hood\engine_fan_on_under_hood_20260322_145143_0155.wav,16000,24000,1.500,1363.3
2026-03-22T14:51:45.723914,engine_fan_on_under_hood,engine_fan_on_under_hood\engine_fan_on_under_hood_20260322_145145_0156.wav,16000,24000,1.500,1380.4
2026-03-22T14:51:47.547605,engine_fan_on_under_hood,engine_fan_on_under_hood\engine_fan_on_under_hood_20260322_145147_0157.wav,16000,24000,1.500,1221.6
2026-03-22T14:51:49.361273,engine_fan_on_under_hood,engine_fan_on_under_hood\engine_fan_on_under_hood_20260322_145149_0158.wav,16000,24000,1.500,1291.5
2026-03-22T14:51:51.183057,engine_fan_on_under_hood,engine_fan_on_under_hood\engine_fan_on_under_hood_20260322_145151_0159.wav,16000,24000,1.500,1466.4
2026-03-22T14:55:21.957503,fan_speed_1_idle_under_hood,fan_speed_1_idle_under_hood\fan_speed_1_idle_under_hood_20260322_145521_0160.wav,16000,24000,1.500,532.0
2026-03-22T14:55:23.775473,fan_speed_1_idle_under_hood,fan_speed_1_idle_under_hood\fan_speed_1_idle_under_hood_20260322_145523_0161.wav,16000,24000,1.500,458.7
2026-03-22T14:55:25.588589,fan_speed_1_idle_under_hood,fan_speed_1_idle_under_hood\fan_speed_1_idle_under_hood_20260322_145525_0162.wav,16000,24000,1.500,519.5
2026-03-22T14:55:27.409088,fan_speed_1_idle_under_hood,fan_speed_1_idle_under_hood\fan_speed_1_idle_under_hood_20260322_145527_0163.wav,16000,24000,1.500,529.8
2026-03-22T14:55:29.223281,fan_speed_1_idle_under_hood,fan_speed_1_idle_under_hood\fan_speed_1_idle_under_hood_20260322_145529_0164.wav,16000,24000,1.500,522.7
2026-03-22T14:55:31.037420,fan_speed_1_idle_under_hood,fan_speed_1_idle_under_hood\fan_speed_1_idle_under_hood_20260322_145531_0165.wav,16000,24000,1.500,532.8
2026-03-22T14:55:32.856363,fan_speed_1_idle_under_hood,fan_speed_1_idle_under_hood\fan_speed_1_idle_under_hood_20260322_145532_0166.wav,16000,24000,1.500,455.3
2026-03-22T14:55:34.674306,fan_speed_1_idle_under_hood,fan_speed_1_idle_under_hood\fan_speed_1_idle_under_hood_20260322_145534_0167.wav,16000,24000,1.500,437.7
2026-03-22T14:55:36.486563,fan_speed_1_idle_under_hood,fan_speed_1_idle_under_hood\fan_speed_1_idle_under_hood_20260322_145536_0168.wav,16000,24000,1.500,518.5
2026-03-22T14:55:38.305635,fan_speed_1_idle_under_hood,fan_speed_1_idle_under_hood\fan_speed_1_idle_under_hood_20260322_145538_0169.wav,16000,24000,1.500,471.0
2026-03-22T14:56:11.482297,fan_speed_max_idle_under_hood,fan_speed_max_idle_under_hood\fan_speed_max_idle_under_hood_20260322_145611_0170.wav,16000,24000,1.500,571.0
2026-03-22T14:56:13.309757,fan_speed_max_idle_under_hood,fan_speed_max_idle_under_hood\fan_speed_max_idle_under_hood_20260322_145613_0171.wav,16000,24000,1.500,459.2
2026-03-22T14:56:15.122820,fan_speed_max_idle_under_hood,fan_speed_max_idle_under_hood\fan_speed_max_idle_under_hood_20260322_145615_0172.wav,16000,24000,1.500,563.1
2026-03-22T14:56:16.937840,fan_speed_max_idle_under_hood,fan_speed_max_idle_under_hood\fan_speed_max_idle_under_hood_20260322_145616_0173.wav,16000,24000,1.500,466.2
2026-03-22T14:56:18.757192,fan_speed_max_idle_under_hood,fan_speed_max_idle_under_hood\fan_speed_max_idle_under_hood_20260322_145618_0174.wav,16000,24000,1.500,479.9
2026-03-22T14:56:20.572200,fan_speed_max_idle_under_hood,fan_speed_max_idle_under_hood\fan_speed_max_idle_under_hood_20260322_145620_0175.wav,16000,24000,1.500,482.2
2026-03-22T14:56:22.397598,fan_speed_max_idle_under_hood,fan_speed_max_idle_under_hood\fan_speed_max_idle_under_hood_20260322_145622_0176.wav,16000,24000,1.500,493.2
2026-03-22T14:56:24.212360,fan_speed_max_idle_under_hood,fan_speed_max_idle_under_hood\fan_speed_max_idle_under_hood_20260322_145624_0177.wav,16000,24000,1.500,503.8
2026-03-22T14:56:26.034879,fan_speed_max_idle_under_hood,fan_speed_max_idle_under_hood\fan_speed_max_idle_under_hood_20260322_145626_0178.wav,16000,24000,1.500,438.4
2026-03-22T14:56:27.847808,fan_speed_max_idle_under_hood,fan_speed_max_idle_under_hood\fan_speed_max_idle_under_hood_20260322_145627_0179.wav,16000,24000,1.500,433.4
2026-03-22T14:57:03.702790,fan_speed_medium_idle_under_hood,fan_speed_medium_idle_under_hood\fan_speed_medium_idle_under_hood_20260322_145703_0180.wav,16000,24000,1.500,440.5
2026-03-22T14:57:05.522599,fan_speed_medium_idle_under_hood,fan_speed_medium_idle_under_hood\fan_speed_medium_idle_under_hood_20260322_145705_0181.wav,16000,24000,1.500,520.5
2026-03-22T14:57:07.338781,fan_speed_medium_idle_under_hood,fan_speed_medium_idle_under_hood\fan_speed_medium_idle_under_hood_20260322_145707_0182.wav,16000,24000,1.500,541.6
2026-03-22T14:57:09.153479,fan_speed_medium_idle_under_hood,fan_speed_medium_idle_under_hood\fan_speed_medium_idle_under_hood_20260322_145709_0183.wav,16000,24000,1.500,467.6
2026-03-22T14:57:10.970512,fan_speed_medium_idle_under_hood,fan_speed_medium_idle_under_hood\fan_speed_medium_idle_under_hood_20260322_145710_0184.wav,16000,24000,1.500,454.7
2026-03-22T14:57:12.783818,fan_speed_medium_idle_under_hood,fan_speed_medium_idle_under_hood\fan_speed_medium_idle_under_hood_20260322_145712_0185.wav,16000,24000,1.500,431.9
2026-03-22T14:57:14.599737,fan_speed_medium_idle_under_hood,fan_speed_medium_idle_under_hood\fan_speed_medium_idle_under_hood_20260322_145714_0186.wav,16000,24000,1.500,492.5
2026-03-22T14:57:16.418427,fan_speed_medium_idle_under_hood,fan_speed_medium_idle_under_hood\fan_speed_medium_idle_under_hood_20260322_145716_0187.wav,16000,24000,1.500,554.7
2026-03-22T14:57:18.233742,fan_speed_medium_idle_under_hood,fan_speed_medium_idle_under_hood\fan_speed_medium_idle_under_hood_20260322_145718_0188.wav,16000,24000,1.500,490.3
2026-03-22T14:57:20.048981,fan_speed_medium_idle_under_hood,fan_speed_medium_idle_under_hood\fan_speed_medium_idle_under_hood_20260322_145720_0189.wav,16000,24000,1.500,426.0
2026-03-22T14:58:57.675427,quiet_residential_ambient,quiet_residential_ambient\quiet_residential_ambient_20260322_145857_0190.wav,16000,24000,1.500,250.6
2026-03-22T14:58:59.495299,quiet_residential_ambient,quiet_residential_ambient\quiet_residential_ambient_20260322_145859_0191.wav,16000,24000,1.500,251.8
2026-03-22T14:59:01.307831,quiet_residential_ambient,quiet_residential_ambient\quiet_residential_ambient_20260322_145901_0192.wav,16000,24000,1.500,250.8
2026-03-22T14:59:03.121746,quiet_residential_ambient,quiet_residential_ambient\quiet_residential_ambient_20260322_145903_0193.wav,16000,24000,1.500,250.4
2026-03-22T14:59:04.939990,quiet_residential_ambient,quiet_residential_ambient\quiet_residential_ambient_20260322_145904_0194.wav,16000,24000,1.500,249.7
2026-03-22T14:59:06.748736,quiet_residential_ambient,quiet_residential_ambient\quiet_residential_ambient_20260322_145906_0195.wav,16000,24000,1.500,250.2
2026-03-22T14:59:08.567912,quiet_residential_ambient,quiet_residential_ambient\quiet_residential_ambient_20260322_145908_0196.wav,16000,24000,1.500,250.2
2026-03-22T14:59:10.378673,quiet_residential_ambient,quiet_residential_ambient\quiet_residential_ambient_20260322_145910_0197.wav,16000,24000,1.500,263.4
2026-03-22T14:59:12.196613,quiet_residential_ambient,quiet_residential_ambient\quiet_residential_ambient_20260322_145912_0198.wav,16000,24000,1.500,249.1
2026-03-22T14:59:14.007458,quiet_residential_ambient,quiet_residential_ambient\quiet_residential_ambient_20260322_145914_0199.wav,16000,24000,1.500,249.9
2026-03-22T15:04:09.110842,busy_street_ambient,busy_street_ambient\busy_street_ambient_20260322_150409_0200.wav,16000,24000,1.500,324.2
2026-03-22T15:04:10.921554,busy_street_ambient,busy_street_ambient\busy_street_ambient_20260322_150410_0201.wav,16000,24000,1.500,314.2
2026-03-22T15:04:12.736302,busy_street_ambient,busy_street_ambient\busy_street_ambient_20260322_150412_0202.wav,16000,24000,1.500,318.5
2026-03-22T15:04:14.552776,busy_street_ambient,busy_street_ambient\busy_street_ambient_20260322_150414_0203.wav,16000,24000,1.500,312.4
2026-03-22T15:04:16.373844,busy_street_ambient,busy_street_ambient\busy_street_ambient_20260322_150416_0204.wav,16000,24000,1.500,308.6
2026-03-22T15:04:18.189381,busy_street_ambient,busy_street_ambient\busy_street_ambient_20260322_150418_0205.wav,16000,24000,1.500,299.5
2026-03-22T15:04:20.006619,busy_street_ambient,busy_street_ambient\busy_street_ambient_20260322_150420_0206.wav,16000,24000,1.500,298.0
2026-03-22T15:04:21.822967,busy_street_ambient,busy_street_ambient\busy_street_ambient_20260322_150421_0207.wav,16000,24000,1.500,337.9
2026-03-22T15:04:23.645425,busy_street_ambient,busy_street_ambient\busy_street_ambient_20260322_150423_0208.wav,16000,24000,1.500,300.4
2026-03-22T15:04:25.459058,busy_street_ambient,busy_street_ambient\busy_street_ambient_20260322_150425_0209.wav,16000,24000,1.500,299.3
2026-03-22T15:04:59.854456,windy_day_ambient,windy_day_ambient\windy_day_ambient_20260322_150459_0210.wav,16000,24000,1.500,266.2
2026-03-22T15:05:01.676238,windy_day_ambient,windy_day_ambient\windy_day_ambient_20260322_150501_0211.wav,16000,24000,1.500,247.4
2026-03-22T15:05:03.481535,windy_day_ambient,windy_day_ambient\windy_day_ambient_20260322_150503_0212.wav,16000,24000,1.500,247.4
2026-03-22T15:05:05.307889,windy_day_ambient,windy_day_ambient\windy_day_ambient_20260322_150505_0213.wav,16000,24000,1.500,358.9
2026-03-22T15:05:07.121219,windy_day_ambient,windy_day_ambient\windy_day_ambient_20260322_150507_0214.wav,16000,24000,1.500,310.2
2026-03-22T15:05:08.935317,windy_day_ambient,windy_day_ambient\windy_day_ambient_20260322_150508_0215.wav,16000,24000,1.500,549.2
2026-03-22T15:05:10.755504,windy_day_ambient,windy_day_ambient\windy_day_ambient_20260322_150510_0216.wav,16000,24000,1.500,493.2
2026-03-22T15:05:12.568958,windy_day_ambient,windy_day_ambient\windy_day_ambient_20260322_150512_0217.wav,16000,24000,1.500,289.8
2026-03-22T15:05:14.382463,windy_day_ambient,windy_day_ambient\windy_day_ambient_20260322_150514_0218.wav,16000,24000,1.500,284.9
2026-03-22T15:05:16.200320,windy_day_ambient,windy_day_ambient\windy_day_ambient_20260322_150516_0219.wav,16000,24000,1.500,514.0
2026-03-22T15:05:46.419449,windy_driving_city_streets,windy_driving_city_streets\windy_driving_city_streets_20260322_150546_0220.wav,16000,24000,1.500,6891.8
2026-03-22T15:05:48.241083,windy_driving_city_streets,windy_driving_city_streets\windy_driving_city_streets_20260322_150548_0221.wav,16000,24000,1.500,7318.7
2026-03-22T15:05:50.054029,windy_driving_city_streets,windy_driving_city_streets\windy_driving_city_streets_20260322_150550_0222.wav,16000,24000,1.500,7462.2
2026-03-22T15:05:51.866201,windy_driving_city_streets,windy_driving_city_streets\windy_driving_city_streets_20260322_150551_0223.wav,16000,24000,1.500,7123.9
2026-03-22T15:05:53.684175,windy_driving_city_streets,windy_driving_city_streets\windy_driving_city_streets_20260322_150553_0224.wav,16000,24000,1.500,6538.3
2026-03-22T15:05:55.496714,windy_driving_city_streets,windy_driving_city_streets\windy_driving_city_streets_20260322_150555_0225.wav,16000,24000,1.500,5488.1
2026-03-22T15:05:57.318249,windy_driving_city_streets,windy_driving_city_streets\windy_driving_city_streets_20260322_150557_0226.wav,16000,24000,1.500,6290.3
2026-03-22T15:05:59.136894,windy_driving_city_streets,windy_driving_city_streets\windy_driving_city_streets_20260322_150559_0227.wav,16000,24000,1.500,5889.3
2026-03-22T15:06:00.951665,windy_driving_city_streets,windy_driving_city_streets\windy_driving_city_streets_20260322_150600_0228.wav,16000,24000,1.500,5502.1
2026-03-22T15:06:02.770611,windy_driving_city_streets,windy_driving_city_streets\windy_driving_city_streets_20260322_150602_0229.wav,16000,24000,1.500,5334.4
2026-03-22T15:07:05.047949,interior_cabin_city_windows_down,interior_cabin_city_windows_down\interior_cabin_city_windows_down_20260322_150705_0230.wav,16000,24000,1.500,610.5
2026-03-22T15:07:06.862923,interior_cabin_city_windows_down,interior_cabin_city_windows_down\interior_cabin_city_windows_down_20260322_150706_0231.wav,16000,24000,1.500,1481.5
2026-03-22T15:07:08.682353,interior_cabin_city_windows_down,interior_cabin_city_windows_down\interior_cabin_city_windows_down_20260322_150708_0232.wav,16000,24000,1.500,596.8
2026-03-22T15:07:10.503420,interior_cabin_city_windows_down,interior_cabin_city_windows_down\interior_cabin_city_windows_down_20260322_150710_0233.wav,16000,24000,1.500,929.6
2026-03-22T15:07:12.327447,interior_cabin_city_windows_down,interior_cabin_city_windows_down\interior_cabin_city_windows_down_20260322_150712_0234.wav,16000,24000,1.500,769.3
2026-03-22T15:07:14.141626,interior_cabin_city_windows_down,interior_cabin_city_windows_down\interior_cabin_city_windows_down_20260322_150714_0235.wav,16000,24000,1.500,654.0
2026-03-22T15:07:15.954390,interior_cabin_city_windows_down,interior_cabin_city_windows_down\interior_cabin_city_windows_down_20260322_150715_0236.wav,16000,24000,1.500,938.9
2026-03-22T15:07:17.783292,interior_cabin_city_windows_down,interior_cabin_city_windows_down\interior_cabin_city_windows_down_20260322_150717_0237.wav,16000,24000,1.500,836.9
2026-03-22T15:07:19.593926,interior_cabin_city_windows_down,interior_cabin_city_windows_down\interior_cabin_city_windows_down_20260322_150719_0238.wav,16000,24000,1.500,1017.8
2026-03-22T15:07:21.423889,interior_cabin_city_windows_down,interior_cabin_city_windows_down\interior_cabin_city_windows_down_20260322_150721_0239.wav,16000,24000,1.500,797.3
2026-03-22T15:09:17.440150,interior_cabin_city_streets_windows_up,interior_cabin_city_streets_windows_up\interior_cabin_city_streets_windows_up_20260322_150917_0240.wav,16000,24000,1.500,733.0
2026-03-22T15:09:19.256056,interior_cabin_city_streets_windows_up,interior_cabin_city_streets_windows_up\interior_cabin_city_streets_windows_up_20260322_150919_0241.wav,16000,24000,1.500,811.0
2026-03-22T15:09:21.074817,interior_cabin_city_streets_windows_up,interior_cabin_city_streets_windows_up\interior_cabin_city_streets_windows_up_20260322_150921_0242.wav,16000,24000,1.500,907.4
2026-03-22T15:09:22.889076,interior_cabin_city_streets_windows_up,interior_cabin_city_streets_windows_up\interior_cabin_city_streets_windows_up_20260322_150922_0243.wav,16000,24000,1.500,870.1
2026-03-22T15:09:24.703813,interior_cabin_city_streets_windows_up,interior_cabin_city_streets_windows_up\interior_cabin_city_streets_windows_up_20260322_150924_0244.wav,16000,24000,1.500,908.4
2026-03-22T15:09:26.525517,interior_cabin_city_streets_windows_up,interior_cabin_city_streets_windows_up\interior_cabin_city_streets_windows_up_20260322_150926_0245.wav,16000,24000,1.500,805.0
2026-03-22T15:09:28.338238,interior_cabin_city_streets_windows_up,interior_cabin_city_streets_windows_up\interior_cabin_city_streets_windows_up_20260322_150928_0246.wav,16000,24000,1.500,634.3
2026-03-22T15:09:30.154932,interior_cabin_city_streets_windows_up,interior_cabin_city_streets_windows_up\interior_cabin_city_streets_windows_up_20260322_150930_0247.wav,16000,24000,1.500,535.5
2026-03-22T15:09:31.976236,interior_cabin_city_streets_windows_up,interior_cabin_city_streets_windows_up\interior_cabin_city_streets_windows_up_20260322_150931_0248.wav,16000,24000,1.500,850.2
2026-03-22T15:09:33.798076,interior_cabin_city_streets_windows_up,interior_cabin_city_streets_windows_up\interior_cabin_city_streets_windows_up_20260322_150933_0249.wav,16000,24000,1.500,741.4
2026-03-22T15:15:36.572480,interior_cabin_highway_speeds_windows_up,interior_cabin_highway_speeds_windows_up\interior_cabin_highway_speeds_windows_up_20260322_151536_0250.wav,16000,24000,1.500,772.4
2026-03-22T15:15:38.390987,interior_cabin_highway_speeds_windows_up,interior_cabin_highway_speeds_windows_up\interior_cabin_highway_speeds_windows_up_20260322_151538_0251.wav,16000,24000,1.500,742.3
2026-03-22T15:15:40.208390,interior_cabin_highway_speeds_windows_up,interior_cabin_highway_speeds_windows_up\interior_cabin_highway_speeds_windows_up_20260322_151540_0252.wav,16000,24000,1.500,611.3
2026-03-22T15:15:42.031111,interior_cabin_highway_speeds_windows_up,interior_cabin_highway_speeds_windows_up\interior_cabin_highway_speeds_windows_up_20260322_151542_0253.wav,16000,24000,1.500,741.9
2026-03-22T15:15:43.848572,interior_cabin_highway_speeds_windows_up,interior_cabin_highway_speeds_windows_up\interior_cabin_highway_speeds_windows_up_20260322_151543_0254.wav,16000,24000,1.500,610.7
2026-03-22T15:15:45.664938,interior_cabin_highway_speeds_windows_up,interior_cabin_highway_speeds_windows_up\interior_cabin_highway_speeds_windows_up_20260322_151545_0255.wav,16000,24000,1.500,687.7
2026-03-22T15:15:47.481437,interior_cabin_highway_speeds_windows_up,interior_cabin_highway_speeds_windows_up\interior_cabin_highway_speeds_windows_up_20260322_151547_0256.wav,16000,24000,1.500,689.3
2026-03-22T15:15:49.310467,interior_cabin_highway_speeds_windows_up,interior_cabin_highway_speeds_windows_up\interior_cabin_highway_speeds_windows_up_20260322_151549_0257.wav,16000,24000,1.500,785.0
2026-03-22T15:15:51.123686,interior_cabin_highway_speeds_windows_up,interior_cabin_highway_speeds_windows_up\interior_cabin_highway_speeds_windows_up_20260322_151551_0258.wav,16000,24000,1.500,852.6
2026-03-22T15:15:52.936346,interior_cabin_highway_speeds_windows_up,interior_cabin_highway_speeds_windows_up\interior_cabin_highway_speeds_windows_up_20260322_151552_0259.wav,16000,24000,1.500,807.9
2026-03-22T15:15:54.757399,interior_cabin_highway_speeds_windows_up,interior_cabin_highway_speeds_windows_up\interior_cabin_highway_speeds_windows_up_20260322_151554_0260.wav,16000,24000,1.500,739.8
2026-03-22T15:15:56.581098,interior_cabin_highway_speeds_windows_up,interior_cabin_highway_speeds_windows_up\interior_cabin_highway_speeds_windows_up_20260322_151556_0261.wav,16000,24000,1.500,695.0
2026-03-22T15:15:58.405770,interior_cabin_highway_speeds_windows_up,interior_cabin_highway_speeds_windows_up\interior_cabin_highway_speeds_windows_up_20260322_151558_0262.wav,16000,24000,1.500,827.6
2026-03-22T15:16:00.225771,interior_cabin_highway_speeds_windows_up,interior_cabin_highway_speeds_windows_up\interior_cabin_highway_speeds_windows_up_20260322_151600_0263.wav,16000,24000,1.500,845.7
2026-03-22T15:16:02.047250,interior_cabin_highway_speeds_windows_up,interior_cabin_highway_speeds_windows_up\interior_cabin_highway_speeds_windows_up_20260322_151602_0264.wav,16000,24000,1.500,725.4
2026-03-22T15:16:03.861157,interior_cabin_highway_speeds_windows_up,interior_cabin_highway_speeds_windows_up\interior_cabin_highway_speeds_windows_up_20260322_151603_0265.wav,16000,24000,1.500,809.1
2026-03-22T15:16:05.673393,interior_cabin_highway_speeds_windows_up,interior_cabin_highway_speeds_windows_up\interior_cabin_highway_speeds_windows_up_20260322_151605_0266.wav,16000,24000,1.500,744.3
2026-03-22T15:16:07.489787,interior_cabin_highway_speeds_windows_up,interior_cabin_highway_speeds_windows_up\interior_cabin_highway_speeds_windows_up_20260322_151607_0267.wav,16000,24000,1.500,810.3
2026-03-22T15:16:09.306400,interior_cabin_highway_speeds_windows_up,interior_cabin_highway_speeds_windows_up\interior_cabin_highway_speeds_windows_up_20260322_151609_0268.wav,16000,24000,1.500,805.9
2026-03-22T15:16:11.122674,interior_cabin_highway_speeds_windows_up,interior_cabin_highway_speeds_windows_up\interior_cabin_highway_speeds_windows_up_20260322_151611_0269.wav,16000,24000,1.500,674.0
2026-03-22T15:16:46.363577,interior_cabin_highway_speeds_windows_down,interior_cabin_highway_speeds_windows_down\interior_cabin_highway_speeds_windows_down_20260322_151646_0270.wav,16000,24000,1.500,4047.1
2026-03-22T15:16:48.176987,interior_cabin_highway_speeds_windows_down,interior_cabin_highway_speeds_windows_down\interior_cabin_highway_speeds_windows_down_20260322_151648_0271.wav,16000,24000,1.500,4089.3
2026-03-22T15:16:49.990761,interior_cabin_highway_speeds_windows_down,interior_cabin_highway_speeds_windows_down\interior_cabin_highway_speeds_windows_down_20260322_151649_0272.wav,16000,24000,1.500,4465.0
2026-03-22T15:16:51.807020,interior_cabin_highway_speeds_windows_down,interior_cabin_highway_speeds_windows_down\interior_cabin_highway_speeds_windows_down_20260322_151651_0273.wav,16000,24000,1.500,3947.6
2026-03-22T15:16:53.630503,interior_cabin_highway_speeds_windows_down,interior_cabin_highway_speeds_windows_down\interior_cabin_highway_speeds_windows_down_20260322_151653_0274.wav,16000,24000,1.500,3533.5
2026-03-22T15:16:55.452330,interior_cabin_highway_speeds_windows_down,interior_cabin_highway_speeds_windows_down\interior_cabin_highway_speeds_windows_down_20260322_151655_0275.wav,16000,24000,1.500,4702.6
2026-03-22T15:16:57.266987,interior_cabin_highway_speeds_windows_down,interior_cabin_highway_speeds_windows_down\interior_cabin_highway_speeds_windows_down_20260322_151657_0276.wav,16000,24000,1.500,4860.1
2026-03-22T15:16:59.085474,interior_cabin_highway_speeds_windows_down,interior_cabin_highway_speeds_windows_down\interior_cabin_highway_speeds_windows_down_20260322_151659_0277.wav,16000,24000,1.500,5550.4
2026-03-22T15:17:00.900988,interior_cabin_highway_speeds_windows_down,interior_cabin_highway_speeds_windows_down\interior_cabin_highway_speeds_windows_down_20260322_151700_0278.wav,16000,24000,1.500,4900.1
2026-03-22T15:17:02.720894,interior_cabin_highway_speeds_windows_down,interior_cabin_highway_speeds_windows_down\interior_cabin_highway_speeds_windows_down_20260322_151702_0279.wav,16000,24000,1.500,4743.1
2026-03-22T15:17:04.543762,interior_cabin_highway_speeds_windows_down,interior_cabin_highway_speeds_windows_down\interior_cabin_highway_speeds_windows_down_20260322_151704_0280.wav,16000,24000,1.500,4496.6
2026-03-22T15:17:06.366705,interior_cabin_highway_speeds_windows_down,interior_cabin_highway_speeds_windows_down\interior_cabin_highway_speeds_windows_down_20260322_151706_0281.wav,16000,24000,1.500,5022.9
2026-03-22T15:17:08.184659,interior_cabin_highway_speeds_windows_down,interior_cabin_highway_speeds_windows_down\interior_cabin_highway_speeds_windows_down_20260322_151708_0282.wav,16000,24000,1.500,4734.9
2026-03-22T15:17:10.012973,interior_cabin_highway_speeds_windows_down,interior_cabin_highway_speeds_windows_down\interior_cabin_highway_speeds_windows_down_20260322_151710_0283.wav,16000,24000,1.500,4249.4
2026-03-22T15:17:11.833799,interior_cabin_highway_speeds_windows_down,interior_cabin_highway_speeds_windows_down\interior_cabin_highway_speeds_windows_down_20260322_151711_0284.wav,16000,24000,1.500,4815.4
2026-03-22T15:17:13.655338,interior_cabin_highway_speeds_windows_down,interior_cabin_highway_speeds_windows_down\interior_cabin_highway_speeds_windows_down_20260322_151713_0285.wav,16000,24000,1.500,4817.1
2026-03-22T15:17:15.479278,interior_cabin_highway_speeds_windows_down,interior_cabin_highway_speeds_windows_down\interior_cabin_highway_speeds_windows_down_20260322_151715_0286.wav,16000,24000,1.500,4498.0
2026-03-22T15:17:17.304020,interior_cabin_highway_speeds_windows_down,interior_cabin_highway_speeds_windows_down\interior_cabin_highway_speeds_windows_down_20260322_151717_0287.wav,16000,24000,1.500,4796.8
2026-03-22T15:17:19.118940,interior_cabin_highway_speeds_windows_down,interior_cabin_highway_speeds_windows_down\interior_cabin_highway_speeds_windows_down_20260322_151719_0288.wav,16000,24000,1.500,4301.3
2026-03-22T15:17:20.930781,interior_cabin_highway_speeds_windows_down,interior_cabin_highway_speeds_windows_down\interior_cabin_highway_speeds_windows_down_20260322_151720_0289.wav,16000,24000,1.500,4008.0
2026-03-22T15:18:10.807125,busy_highway_ambient,busy_highway_ambient\busy_highway_ambient_20260322_151810_0290.wav,16000,24000,1.500,629.5
2026-03-22T15:18:12.623028,busy_highway_ambient,busy_highway_ambient\busy_highway_ambient_20260322_151812_0291.wav,16000,24000,1.500,586.0
2026-03-22T15:18:14.439853,busy_highway_ambient,busy_highway_ambient\busy_highway_ambient_20260322_151814_0292.wav,16000,24000,1.500,526.7
2026-03-22T15:18:16.253121,busy_highway_ambient,busy_highway_ambient\busy_highway_ambient_20260322_151816_0293.wav,16000,24000,1.500,485.1
2026-03-22T15:18:18.067061,busy_highway_ambient,busy_highway_ambient\busy_highway_ambient_20260322_151818_0294.wav,16000,24000,1.500,657.7
2026-03-22T15:18:19.883512,busy_highway_ambient,busy_highway_ambient\busy_highway_ambient_20260322_151819_0295.wav,16000,24000,1.500,421.6
2026-03-22T15:18:21.694226,busy_highway_ambient,busy_highway_ambient\busy_highway_ambient_20260322_151821_0296.wav,16000,24000,1.500,513.5
2026-03-22T15:18:23.513317,busy_highway_ambient,busy_highway_ambient\busy_highway_ambient_20260322_151823_0297.wav,16000,24000,1.500,446.2
2026-03-22T15:18:25.335858,busy_highway_ambient,busy_highway_ambient\busy_highway_ambient_20260322_151825_0298.wav,16000,24000,1.500,729.5
2026-03-22T15:18:27.156920,busy_highway_ambient,busy_highway_ambient\busy_highway_ambient_20260322_151827_0299.wav,16000,24000,1.500,694.2
2026-03-22T15:18:28.973375,busy_highway_ambient,busy_highway_ambient\busy_highway_ambient_20260322_151828_0300.wav,16000,24000,1.500,649.9
2026-03-22T15:18:30.786919,busy_highway_ambient,busy_highway_ambient\busy_highway_ambient_20260322_151830_0301.wav,16000,24000,1.500,404.7
2026-03-22T15:18:32.601985,busy_highway_ambient,busy_highway_ambient\busy_highway_ambient_20260322_151832_0302.wav,16000,24000,1.500,575.9
2026-03-22T15:18:34.419483,busy_highway_ambient,busy_highway_ambient\busy_highway_ambient_20260322_151834_0303.wav,16000,24000,1.500,832.1
2026-03-22T15:18:36.243830,busy_highway_ambient,busy_highway_ambient\busy_highway_ambient_20260322_151836_0304.wav,16000,24000,1.500,669.8
2026-03-22T15:18:38.055689,busy_highway_ambient,busy_highway_ambient\busy_highway_ambient_20260322_151838_0305.wav,16000,24000,1.500,725.2
2026-03-22T15:18:39.877410,busy_highway_ambient,busy_highway_ambient\busy_highway_ambient_20260322_151839_0306.wav,16000,24000,1.500,1024.4
2026-03-22T15:18:41.699611,busy_highway_ambient,busy_highway_ambient\busy_highway_ambient_20260322_151841_0307.wav,16000,24000,1.500,706.1
2026-03-22T15:18:43.523006,busy_highway_ambient,busy_highway_ambient\busy_highway_ambient_20260322_151843_0308.wav,16000,24000,1.500,572.9
2026-03-22T15:18:45.335661,busy_highway_ambient,busy_highway_ambient\busy_highway_ambient_20260322_151845_0309.wav,16000,24000,1.500,579.2
2026-03-22T15:21:30.476054,stoplight_ambient_windows_down,stoplight_ambient_windows_down\stoplight_ambient_windows_down_20260322_152130_0310.wav,16000,24000,1.500,276.7
2026-03-22T15:21:32.291152,stoplight_ambient_windows_down,stoplight_ambient_windows_down\stoplight_ambient_windows_down_20260322_152132_0311.wav,16000,24000,1.500,288.9
2026-03-22T15:21:34.104772,stoplight_ambient_windows_down,stoplight_ambient_windows_down\stoplight_ambient_windows_down_20260322_152134_0312.wav,16000,24000,1.500,276.2
2026-03-22T15:21:35.922400,stoplight_ambient_windows_down,stoplight_ambient_windows_down\stoplight_ambient_windows_down_20260322_152135_0313.wav,16000,24000,1.500,286.0
2026-03-22T15:21:37.746630,stoplight_ambient_windows_down,stoplight_ambient_windows_down\stoplight_ambient_windows_down_20260322_152137_0314.wav,16000,24000,1.500,426.4
2026-03-22T15:21:39.559721,stoplight_ambient_windows_down,stoplight_ambient_windows_down\stoplight_ambient_windows_down_20260322_152139_0315.wav,16000,24000,1.500,405.3
2026-03-22T15:21:41.377346,stoplight_ambient_windows_down,stoplight_ambient_windows_down\stoplight_ambient_windows_down_20260322_152141_0316.wav,16000,24000,1.500,441.9
2026-03-22T15:25:53.909285,parking_lot_windows_down_ambient,parking_lot_windows_down_ambient\parking_lot_windows_down_ambient_20260322_152553_0000.wav,16000,24000,1.500,383.6
2026-03-22T15:25:55.723707,parking_lot_windows_down_ambient,parking_lot_windows_down_ambient\parking_lot_windows_down_ambient_20260322_152555_0001.wav,16000,24000,1.500,380.0
2026-03-22T15:25:57.540370,parking_lot_windows_down_ambient,parking_lot_windows_down_ambient\parking_lot_windows_down_ambient_20260322_152557_0002.wav,16000,24000,1.500,365.6
2026-03-22T15:25:59.359989,parking_lot_windows_down_ambient,parking_lot_windows_down_ambient\parking_lot_windows_down_ambient_20260322_152559_0003.wav,16000,24000,1.500,392.7
2026-03-22T15:26:01.181067,parking_lot_windows_down_ambient,parking_lot_windows_down_ambient\parking_lot_windows_down_ambient_20260322_152601_0004.wav,16000,24000,1.500,346.9
2026-03-22T15:26:02.995652,parking_lot_windows_down_ambient,parking_lot_windows_down_ambient\parking_lot_windows_down_ambient_20260322_152602_0005.wav,16000,24000,1.500,375.8
2026-03-22T15:26:04.811598,parking_lot_windows_down_ambient,parking_lot_windows_down_ambient\parking_lot_windows_down_ambient_20260322_152604_0006.wav,16000,24000,1.500,369.7
2026-03-22T15:26:06.626133,parking_lot_windows_down_ambient,parking_lot_windows_down_ambient\parking_lot_windows_down_ambient_20260322_152606_0007.wav,16000,24000,1.500,376.6
2026-03-22T15:26:08.445177,parking_lot_windows_down_ambient,parking_lot_windows_down_ambient\parking_lot_windows_down_ambient_20260322_152608_0008.wav,16000,24000,1.500,367.3
2026-03-22T15:26:10.266329,parking_lot_windows_down_ambient,parking_lot_windows_down_ambient\parking_lot_windows_down_ambient_20260322_152610_0009.wav,16000,24000,1.500,358.7
2026-03-22T15:26:12.084470,parking_lot_windows_down_ambient,parking_lot_windows_down_ambient\parking_lot_windows_down_ambient_20260322_152612_0010.wav,16000,24000,1.500,353.6
2026-03-22T15:26:13.900268,parking_lot_windows_down_ambient,parking_lot_windows_down_ambient\parking_lot_windows_down_ambient_20260322_152613_0011.wav,16000,24000,1.500,381.1
2026-03-22T15:26:15.713116,parking_lot_windows_down_ambient,parking_lot_windows_down_ambient\parking_lot_windows_down_ambient_20260322_152615_0012.wav,16000,24000,1.500,370.5
2026-03-22T15:26:17.543453,parking_lot_windows_down_ambient,parking_lot_windows_down_ambient\parking_lot_windows_down_ambient_20260322_152617_0013.wav,16000,24000,1.500,369.0
2026-03-22T15:26:19.358332,parking_lot_windows_down_ambient,parking_lot_windows_down_ambient\parking_lot_windows_down_ambient_20260322_152619_0014.wav,16000,24000,1.500,332.5
2026-03-22T15:26:21.174441,parking_lot_windows_down_ambient,parking_lot_windows_down_ambient\parking_lot_windows_down_ambient_20260322_152621_0015.wav,16000,24000,1.500,369.9
2026-03-22T15:26:22.992420,parking_lot_windows_down_ambient,parking_lot_windows_down_ambient\parking_lot_windows_down_ambient_20260322_152622_0016.wav,16000,24000,1.500,360.8
2026-03-22T15:26:24.802629,parking_lot_windows_down_ambient,parking_lot_windows_down_ambient\parking_lot_windows_down_ambient_20260322_152624_0017.wav,16000,24000,1.500,385.2
2026-03-22T15:26:26.618958,parking_lot_windows_down_ambient,parking_lot_windows_down_ambient\parking_lot_windows_down_ambient_20260322_152626_0018.wav,16000,24000,1.500,349.1
2026-03-22T15:26:28.445850,parking_lot_windows_down_ambient,parking_lot_windows_down_ambient\parking_lot_windows_down_ambient_20260322_152628_0019.wav,16000,24000,1.500,361.9
2026-03-22T15:27:12.797018,parking_lot_windows_up_ambient,parking_lot_windows_up_ambient\parking_lot_windows_up_ambient_20260322_152712_0020.wav,16000,24000,1.500,405.2
2026-03-22T15:27:14.616087,parking_lot_windows_up_ambient,parking_lot_windows_up_ambient\parking_lot_windows_up_ambient_20260322_152714_0021.wav,16000,24000,1.500,395.0
2026-03-22T15:27:16.437172,parking_lot_windows_up_ambient,parking_lot_windows_up_ambient\parking_lot_windows_up_ambient_20260322_152716_0022.wav,16000,24000,1.500,392.4
2026-03-22T15:27:18.252744,parking_lot_windows_up_ambient,parking_lot_windows_up_ambient\parking_lot_windows_up_ambient_20260322_152718_0023.wav,16000,24000,1.500,393.2
2026-03-22T15:27:20.073060,parking_lot_windows_up_ambient,parking_lot_windows_up_ambient\parking_lot_windows_up_ambient_20260322_152720_0024.wav,16000,24000,1.500,394.6
2026-03-22T15:27:21.897700,parking_lot_windows_up_ambient,parking_lot_windows_up_ambient\parking_lot_windows_up_ambient_20260322_152721_0025.wav,16000,24000,1.500,391.9
2026-03-22T15:27:23.719459,parking_lot_windows_up_ambient,parking_lot_windows_up_ambient\parking_lot_windows_up_ambient_20260322_152723_0026.wav,16000,24000,1.500,392.1
2026-03-22T15:27:25.549669,parking_lot_windows_up_ambient,parking_lot_windows_up_ambient\parking_lot_windows_up_ambient_20260322_152725_0027.wav,16000,24000,1.500,392.0
2026-03-22T15:27:27.367804,parking_lot_windows_up_ambient,parking_lot_windows_up_ambient\parking_lot_windows_up_ambient_20260322_152727_0028.wav,16000,24000,1.500,388.3
2026-03-22T15:27:29.192548,parking_lot_windows_up_ambient,parking_lot_windows_up_ambient\parking_lot_windows_up_ambient_20260322_152729_0029.wav,16000,24000,1.500,392.6
2026-03-22T15:27:31.015413,parking_lot_windows_up_ambient,parking_lot_windows_up_ambient\parking_lot_windows_up_ambient_20260322_152731_0030.wav,16000,24000,1.500,393.7
2026-03-22T15:27:32.840832,parking_lot_windows_up_ambient,parking_lot_windows_up_ambient\parking_lot_windows_up_ambient_20260322_152732_0031.wav,16000,24000,1.500,391.9
2026-03-22T15:27:34.663136,parking_lot_windows_up_ambient,parking_lot_windows_up_ambient\parking_lot_windows_up_ambient_20260322_152734_0032.wav,16000,24000,1.500,392.4
2026-03-22T15:27:36.489248,parking_lot_windows_up_ambient,parking_lot_windows_up_ambient\parking_lot_windows_up_ambient_20260322_152736_0033.wav,16000,24000,1.500,387.1
2026-03-22T15:27:38.307608,parking_lot_windows_up_ambient,parking_lot_windows_up_ambient\parking_lot_windows_up_ambient_20260322_152738_0034.wav,16000,24000,1.500,387.4
2026-03-22T15:27:40.126087,parking_lot_windows_up_ambient,parking_lot_windows_up_ambient\parking_lot_windows_up_ambient_20260322_152740_0035.wav,16000,24000,1.500,390.4
2026-03-22T15:27:41.953766,parking_lot_windows_up_ambient,parking_lot_windows_up_ambient\parking_lot_windows_up_ambient_20260322_152741_0036.wav,16000,24000,1.500,388.6
2026-03-22T15:27:43.767870,parking_lot_windows_up_ambient,parking_lot_windows_up_ambient\parking_lot_windows_up_ambient_20260322_152743_0037.wav,16000,24000,1.500,384.7
2026-03-22T15:27:45.591323,parking_lot_windows_up_ambient,parking_lot_windows_up_ambient\parking_lot_windows_up_ambient_20260322_152745_0038.wav,16000,24000,1.500,389.4
2026-03-22T15:27:47.417032,parking_lot_windows_up_ambient,parking_lot_windows_up_ambient\parking_lot_windows_up_ambient_20260322_152747_0039.wav,16000,24000,1.500,391.7
